[
    {
        "Name": "Mabel Zephyr",
        "Age": 128,
        "Species": "Cyborg",
        "Classification": "Crypto Bro",
        "Level": 2,
        "Stat Bonus": "Reduce warp cool down time 0.01 - 0.1 sec",
        "Rarity": 42.66666666666667
    },
    {
        "Name": "Henry Mia",
        "Age": 121,
        "Species": "Crypto Bro",
        "Classification": "Helmsman",
        "Level": 10,
        "Stat Bonus": "reduce cost to repair 0.01% - 1%",
        "Rarity": 40.33333333333333
    },
    {
        "Name": "Lyra Carter",
        "Age": 38,
        "Species": "Anunnaki",
        "Classification": "Helmsman",
        "Level": 9,
        "Stat Bonus": "increase shield recharge speed when out of combat",
        "Rarity": 12.666666666666668
    },
    {
        "Name": "Daniel Carter",
        "Age": 39,
        "Species": "Dolphin People",
        "Classification": "Helmsman",
        "Level": 3,
        "Stat Bonus": "Immunity to radiation",
        "Rarity": 13.0
    },
    {
        "Name": "Elodie David",
        "Age": 162,
        "Species": "Zorgonian",
        "Classification": "Communications Technician",
        "Level": 8,
        "Stat Bonus": "boost to laser gun firing speed",
        "Rarity": 54.0
    },
    {
        "Name": "Aiden Elowen",
        "Age": 149,
        "Species": "Dolphin People",
        "Classification": "Security Guard",
        "Level": 8,
        "Stat Bonus": "Immunity to radiation",
        "Rarity": 49.666666666666664
    },
    {
        "Name": "Zayn Isabella",
        "Age": 262,
        "Species": "Avian",
        "Classification": "Technician",
        "Level": 8,
        "Stat Bonus": "immunity to getting rick rolled",
        "Rarity": 87.33333333333333
    },
    {
        "Name": "Ava Kace",
        "Age": 284,
        "Species": "Arcturians",
        "Classification": "Crypto Bro",
        "Level": 3,
        "Stat Bonus": "boost to laser gun firing speed",
        "Rarity": 94.66666666666667
    },
    {
        "Name": "Jackson Lily",
        "Age": 158,
        "Species": "Human",
        "Classification": "Helmsman",
        "Level": 1,
        "Stat Bonus": "boost to laser gun firing speed",
        "Rarity": 52.666666666666664
    },
    {
        "Name": "Mason Zylen",
        "Age": 213,
        "Species": "Cyborg",
        "Classification": "Tactical Technician",
        "Level": 9,
        "Stat Bonus": "extra point of damage absorption",
        "Rarity": 71.0
    },
    {
        "Name": "Zinnia Mason",
        "Age": 245,
        "Species": "Crab People",
        "Classification": "Crypto Bro",
        "Level": 7,
        "Stat Bonus": "increased ammo slots",
        "Rarity": 81.66666666666667
    },
    {
        "Name": "Lily Lucas",
        "Age": 206,
        "Species": "Jaxian",
        "Classification": "Crypto Bro",
        "Level": 2,
        "Stat Bonus": "Immunity to radiation",
        "Rarity": 68.66666666666667
    },
    {
        "Name": "Ella James",
        "Age": 268,
        "Species": "Draco",
        "Classification": "Chief of Diplomacy",
        "Level": 2,
        "Stat Bonus": "extra point of damage absorption",
        "Rarity": 89.33333333333333
    },
    {
        "Name": "Kaelan Leah",
        "Age": 232,
        "Species": "Human",
        "Classification": "Navigator's Assistant",
        "Level": 8,
        "Stat Bonus": "increase shield recharge speed when out of combat",
        "Rarity": 77.33333333333333
    },
    {
        "Name": "Samuel Sofia",
        "Age": 76,
        "Species": "Insectoid",
        "Classification": "Chief of Diplomacy",
        "Level": 7,
        "Stat Bonus": "increased ammo slots",
        "Rarity": 25.333333333333336
    },
    {
        "Name": "Kyson Harlow",
        "Age": 82,
        "Species": "Anunnaki",
        "Classification": "Officer",
        "Level": 4,
        "Stat Bonus": "Immunity to radiation",
        "Rarity": 27.333333333333332
    },
    {
        "Name": "Kee-gal Daniel",
        "Age": 155,
        "Species": "Elitian",
        "Classification": "Science Technician",
        "Level": 9,
        "Stat Bonus": "Immunity to radiation",
        "Rarity": 51.66666666666667
    },
    {
        "Name": "Zephyr Michael",
        "Age": 36,
        "Species": "Reptilian",
        "Classification": "Science Technician",
        "Level": 9,
        "Stat Bonus": "immunity to getting rick rolled",
        "Rarity": 12.0
    },
    {
        "Name": "Ramona Jackson",
        "Age": 179,
        "Species": "Crypto Bro",
        "Classification": "Chief of Diplomacy",
        "Level": 6,
        "Stat Bonus": "Reduce warp cool down time 0.01 - 0.1 sec",
        "Rarity": 59.66666666666667
    },
    {
        "Name": "Abigail Astrid",
        "Age": 106,
        "Species": "Orionite",
        "Classification": "Captain",
        "Level": 6,
        "Stat Bonus": "increased ammo slots",
        "Rarity": 35.333333333333336
    },
    {
        "Name": "Daniel Gabriel",
        "Age": 52,
        "Species": "Arcturians",
        "Classification": "Flight Controller",
        "Level": 5,
        "Stat Bonus": "Reduce warp cool down time 0.01 - 0.1 sec",
        "Rarity": 17.333333333333336
    },
    {
        "Name": "Billy-Bob Abigail",
        "Age": 92,
        "Species": "Insectoid",
        "Classification": "Helmsman",
        "Level": 4,
        "Stat Bonus": "reduce cost to repair 0.01% - 1%",
        "Rarity": 30.666666666666664
    },
    {
        "Name": "Ophelia Kee-gal",
        "Age": 157,
        "Species": "Human",
        "Classification": "Security Officer",
        "Level": 2,
        "Stat Bonus": "increased ammo slots",
        "Rarity": 52.33333333333333
    },
    {
        "Name": "Harlow Ella",
        "Age": 100,
        "Species": "Martian",
        "Classification": "First Officer",
        "Level": 1,
        "Stat Bonus": "immunity to getting rick rolled",
        "Rarity": 33.33333333333333
    },
    {
        "Name": "Liam Ava",
        "Age": 20,
        "Species": "Anunnaki",
        "Classification": "Communications Technician",
        "Level": 3,
        "Stat Bonus": "extra point of damage absorption",
        "Rarity": 6.666666666666667
    },
    {
        "Name": "Q'ueeph Sophia",
        "Age": 54,
        "Species": "Crab People",
        "Classification": "Chief Engineer",
        "Level": 5,
        "Stat Bonus": "increase shield recharge speed when out of combat",
        "Rarity": 18.0
    },
    {
        "Name": "Logan James",
        "Age": 115,
        "Species": "Anunnaki",
        "Classification": "Science Technician",
        "Level": 4,
        "Stat Bonus": "increase shield recharge speed when out of combat",
        "Rarity": 38.333333333333336
    },
    {
        "Name": "Emma Bob-Vagen",
        "Age": 192,
        "Species": "Kiranian",
        "Classification": "First Officer",
        "Level": 7,
        "Stat Bonus": "Immunity to radiation",
        "Rarity": 64.0
    },
    {
        "Name": "Astrid Willow",
        "Age": 208,
        "Species": "Anunnaki",
        "Classification": "Communications Technician",
        "Level": 4,
        "Stat Bonus": "Reduce warp cool down time 0.01 - 0.1 sec",
        "Rarity": 69.33333333333334
    },
    {
        "Name": "Olivia Lyric",
        "Age": 158,
        "Species": "Pleiadian",
        "Classification": "Tactical Technician",
        "Level": 8,
        "Stat Bonus": "immunity to getting rick rolled",
        "Rarity": 52.666666666666664
    },
    {
        "Name": "James Oliver",
        "Age": 124,
        "Species": "Dolphin People",
        "Classification": "Science Officer",
        "Level": 9,
        "Stat Bonus": "reduce cost to repair 0.01% - 1%",
        "Rarity": 41.333333333333336
    },
    {
        "Name": "Kace Chloe",
        "Age": 209,
        "Species": "Nordic",
        "Classification": "First Officer",
        "Level": 8,
        "Stat Bonus": "reduce cost to repair 0.01% - 1%",
        "Rarity": 69.66666666666667
    },
    {
        "Name": "Zephyr Zorg",
        "Age": 268,
        "Species": "Grey Alien",
        "Classification": "Giga Chad",
        "Level": 1,
        "Stat Bonus": "increased ammo slots",
        "Rarity": 89.33333333333333
    },
    {
        "Name": "Junia Grace",
        "Age": 123,
        "Species": "Dolphin People",
        "Classification": "Helmsman",
        "Level": 3,
        "Stat Bonus": "increase shield recharge speed when out of combat",
        "Rarity": 41.0
    },
    {
        "Name": "Zeph Kace",
        "Age": 149,
        "Species": "Kiranian",
        "Classification": "Medical Technician",
        "Level": 8,
        "Stat Bonus": "extra point of damage absorption",
        "Rarity": 49.666666666666664
    },
    {
        "Name": "Amara Kaelin",
        "Age": 174,
        "Species": "Nigerian Prince",
        "Classification": "Navigator",
        "Level": 2,
        "Stat Bonus": "Reduce warp cool down time 0.01 - 0.1 sec",
        "Rarity": 57.99999999999999
    },
    {
        "Name": "Nova Nova",
        "Age": 148,
        "Species": "Martian",
        "Classification": "Helmsman",
        "Level": 5,
        "Stat Bonus": "immunity to getting rick rolled",
        "Rarity": 49.333333333333336
    },
    {
        "Name": "Kee-gal Jacob",
        "Age": 41,
        "Species": "Draco",
        "Classification": "Chief of Diplomacy",
        "Level": 4,
        "Stat Bonus": "increased ammo slots",
        "Rarity": 13.666666666666666
    },
    {
        "Name": "Scarlett Sophia",
        "Age": 62,
        "Species": "Slothful Sloth",
        "Classification": "Flight Controller",
        "Level": 6,
        "Stat Bonus": "immunity to getting rick rolled",
        "Rarity": 20.666666666666668
    },
    {
        "Name": "Benjamin Lyra",
        "Age": 216,
        "Species": "Martian",
        "Classification": "Flight Controller",
        "Level": 5,
        "Stat Bonus": "boost to laser gun firing speed",
        "Rarity": 72.0
    },
    {
        "Name": "David Kian",
        "Age": 280,
        "Species": "Kiranian",
        "Classification": "Recruit",
        "Level": 8,
        "Stat Bonus": "extra point of damage absorption",
        "Rarity": 93.33333333333333
    },
    {
        "Name": "Daniel Noah",
        "Age": 117,
        "Species": "Zeta Reticulan",
        "Classification": "Giga Chad",
        "Level": 8,
        "Stat Bonus": "increased ammo slots",
        "Rarity": 39.0
    },
    {
        "Name": "Henry Isabella",
        "Age": 172,
        "Species": "Nordic",
        "Classification": "Chief Engineer",
        "Level": 6,
        "Stat Bonus": "immunity to getting rick rolled",
        "Rarity": 57.333333333333336
    },
    {
        "Name": "Zola Kace",
        "Age": 74,
        "Species": "Nordic",
        "Classification": "Officer",
        "Level": 9,
        "Stat Bonus": "increased ammo slots",
        "Rarity": 24.666666666666668
    },
    {
        "Name": "Avery Zayn",
        "Age": 101,
        "Species": "Martian",
        "Classification": "Medical Officer",
        "Level": 6,
        "Stat Bonus": "extra point of damage absorption",
        "Rarity": 33.666666666666664
    },
    {
        "Name": "Zander Kaelon",
        "Age": 98,
        "Species": "Slothful Sloth",
        "Classification": "Tactical Technician",
        "Level": 4,
        "Stat Bonus": "extra point of damage absorption",
        "Rarity": 32.666666666666664
    },
    {
        "Name": "Elowen Zaiden",
        "Age": 190,
        "Species": "Grey Alien",
        "Classification": "Officer",
        "Level": 9,
        "Stat Bonus": "extra point of damage absorption",
        "Rarity": 63.33333333333333
    },
    {
        "Name": "Michael Charlotte",
        "Age": 212,
        "Species": "Grey Alien",
        "Classification": "Crypto Bro",
        "Level": 5,
        "Stat Bonus": "boost to laser gun firing speed",
        "Rarity": 70.66666666666667
    },
    {
        "Name": "Harlow Hannah",
        "Age": 175,
        "Species": "Zorgonian",
        "Classification": "Technician",
        "Level": 9,
        "Stat Bonus": "extra point of damage absorption",
        "Rarity": 58.333333333333336
    },
    {
        "Name": "Ramona Zoe",
        "Age": 118,
        "Species": "Pleiadian",
        "Classification": "Technician",
        "Level": 1,
        "Stat Bonus": "Immunity to radiation",
        "Rarity": 39.33333333333333
    }
]