[
    {
        "Planet Name": "V-7997",
        "Element": "astatine (85)",
        "Mass": 3756379120953638827946401,
        "Habitable": false,
        "Atmosphere": true
    },
    {
        "Planet Name": "M-5799",
        "Element": "tellurium (52)",
        "Mass": 6818027644514340272658196,
        "Habitable": true,
        "Atmosphere": true
    },
    {
        "Planet Name": "X-2352",
        "Element": "promethium (61)",
        "Mass": 4586121370847997121921871,
        "Habitable": true,
        "Atmosphere": false
    },
    {
        "Planet Name": "O-7162",
        "Element": "actinium (89)",
        "Mass": 2596754481123383484826900,
        "Habitable": false,
        "Atmosphere": false
    },
    {
        "Planet Name": "V-249",
        "Element": "lithium (3)",
        "Mass": 8876049970960775130534251,
        "Habitable": true,
        "Atmosphere": false
    },
    {
        "Planet Name": "F-9712",
        "Element": "element 117 (117)",
        "Mass": 7165652005064228832800001,
        "Habitable": false,
        "Atmosphere": true
    },
    {
        "Planet Name": "X-949",
        "Element": "Gallium (Ga)",
        "Mass": 2900929260067971804016346,
        "Habitable": false,
        "Atmosphere": true
    },
    {
        "Planet Name": "J-5778",
        "Element": "potassium (19)",
        "Mass": 2243900413625823865892898,
        "Habitable": false,
        "Atmosphere": true
    },
    {
        "Planet Name": "W-6273",
        "Element": "berkelium (97)",
        "Mass": 4553719496216595953146560,
        "Habitable": true,
        "Atmosphere": true
    },
    {
        "Planet Name": "J-1062",
        "Element": "promethium (61)",
        "Mass": 7405002103088967292611395,
        "Habitable": true,
        "Atmosphere": true
    },
    {
        "Planet Name": "G-7020",
        "Element": "Fluorine (F)",
        "Mass": 6292412238703140968477367,
        "Habitable": false,
        "Atmosphere": true
    },
    {
        "Planet Name": "R-3334",
        "Element": "gadolinium (64)",
        "Mass": 9209680639858380858315477,
        "Habitable": true,
        "Atmosphere": false
    },
    {
        "Planet Name": "I-2080",
        "Element": "element 117 (117)",
        "Mass": 1529165379552540457458981,
        "Habitable": false,
        "Atmosphere": false
    },
    {
        "Planet Name": "Q-355",
        "Element": "Dysprosium (Dy)",
        "Mass": 4682140120769571850106857,
        "Habitable": false,
        "Atmosphere": true
    },
    {
        "Planet Name": "K-9442",
        "Element": "Terbium (Tb)",
        "Mass": 6503563200544945312629324,
        "Habitable": false,
        "Atmosphere": true
    },
    {
        "Planet Name": "Z-1237",
        "Element": "actinium (89)",
        "Mass": 3237245606471283809855482,
        "Habitable": false,
        "Atmosphere": true
    },
    {
        "Planet Name": "E-1919",
        "Element": "Rhodium (Rh)",
        "Mass": 1710893493043750082125000,
        "Habitable": true,
        "Atmosphere": false
    },
    {
        "Planet Name": "Y-3016",
        "Element": "Xenon (Xe)",
        "Mass": 2807026187273339003815849,
        "Habitable": true,
        "Atmosphere": true
    },
    {
        "Planet Name": "C-326",
        "Element": "Gadolinium (Gd)",
        "Mass": 3402780882188084977663041,
        "Habitable": true,
        "Atmosphere": false
    },
    {
        "Planet Name": "N-3669",
        "Element": "palladium (46)",
        "Mass": 4019399348808796478800922,
        "Habitable": false,
        "Atmosphere": true
    },
    {
        "Planet Name": "Q-1822",
        "Element": "helium (2)",
        "Mass": 4300138169379298965180914,
        "Habitable": false,
        "Atmosphere": true
    },
    {
        "Planet Name": "O-4930",
        "Element": "chlorine (17)",
        "Mass": 167266440100098622934145,
        "Habitable": false,
        "Atmosphere": true
    },
    {
        "Planet Name": "R-1867",
        "Element": "element 113 (113)",
        "Mass": 8144468071188335433893820,
        "Habitable": true,
        "Atmosphere": false
    },
    {
        "Planet Name": "K-3642",
        "Element": "Krypton (Kr)",
        "Mass": 7023515630389648700725142,
        "Habitable": false,
        "Atmosphere": true
    },
    {
        "Planet Name": "I-347",
        "Element": "Gadolinium (Gd)",
        "Mass": 3983408433050691452664126,
        "Habitable": true,
        "Atmosphere": true
    },
    {
        "Planet Name": "M-716",
        "Element": "Arsenic (As)",
        "Mass": 5446978715833048403936768,
        "Habitable": true,
        "Atmosphere": true
    },
    {
        "Planet Name": "F-7398",
        "Element": "Cadmium (Cd)",
        "Mass": 9342761684464439249835772,
        "Habitable": false,
        "Atmosphere": false
    },
    {
        "Planet Name": "X-8157",
        "Element": "Beryllium (Be)",
        "Mass": 7244700299253484645490443,
        "Habitable": true,
        "Atmosphere": false
    },
    {
        "Planet Name": "P-2650",
        "Element": "Hafnium (Hf)",
        "Mass": 3900134412422237307817292,
        "Habitable": false,
        "Atmosphere": true
    },
    {
        "Planet Name": "B-7576",
        "Element": "astatine (85)",
        "Mass": 9178134926444458258182191,
        "Habitable": false,
        "Atmosphere": false
    },
    {
        "Planet Name": "Z-2916",
        "Element": "Potassium (K)",
        "Mass": 9238906932207674534508652,
        "Habitable": true,
        "Atmosphere": true
    },
    {
        "Planet Name": "H-2951",
        "Element": "Ruthenium (Ru)",
        "Mass": 9090121257971565023815504,
        "Habitable": false,
        "Atmosphere": true
    },
    {
        "Planet Name": "Z-5736",
        "Element": "oxygen (8)",
        "Mass": 1123464042466987041659028,
        "Habitable": false,
        "Atmosphere": false
    },
    {
        "Planet Name": "C-6230",
        "Element": "Bromine (Br)",
        "Mass": 1722919261757030402135919,
        "Habitable": true,
        "Atmosphere": false
    },
    {
        "Planet Name": "W-4154",
        "Element": "niobium (41)",
        "Mass": 2712752285243632825077102,
        "Habitable": false,
        "Atmosphere": true
    },
    {
        "Planet Name": "D-9353",
        "Element": "francium (87)",
        "Mass": 1076711694080945439256423,
        "Habitable": false,
        "Atmosphere": false
    },
    {
        "Planet Name": "D-47",
        "Element": "Yttrium (Y)",
        "Mass": 6091947058674100970784253,
        "Habitable": false,
        "Atmosphere": false
    },
    {
        "Planet Name": "N-5448",
        "Element": "Arsenic (As)",
        "Mass": 1641024995873523563942351,
        "Habitable": true,
        "Atmosphere": true
    },
    {
        "Planet Name": "O-7497",
        "Element": "Palladium (Pd)",
        "Mass": 5711413229486565329802668,
        "Habitable": true,
        "Atmosphere": true
    },
    {
        "Planet Name": "W-5221",
        "Element": "Palladium (Pd)",
        "Mass": 4099776616513433584938304,
        "Habitable": true,
        "Atmosphere": false
    },
    {
        "Planet Name": "R-4003",
        "Element": "zinc (30)",
        "Mass": 7719780979449064414211925,
        "Habitable": false,
        "Atmosphere": true
    },
    {
        "Planet Name": "F-7545",
        "Element": "Technetium (Tc)",
        "Mass": 2943251767497035607371284,
        "Habitable": false,
        "Atmosphere": true
    },
    {
        "Planet Name": "G-6259",
        "Element": "Rhodium (Rh)",
        "Mass": 6001427623757456519588357,
        "Habitable": true,
        "Atmosphere": true
    },
    {
        "Planet Name": "K-2336",
        "Element": "hassium (108)",
        "Mass": 9987792116739731272872401,
        "Habitable": false,
        "Atmosphere": false
    },
    {
        "Planet Name": "D-1487",
        "Element": "flerovium (114)",
        "Mass": 5591331612263340042162214,
        "Habitable": false,
        "Atmosphere": true
    },
    {
        "Planet Name": "V-7788",
        "Element": "Nitrogen (N)",
        "Mass": 4371395567734230647921833,
        "Habitable": true,
        "Atmosphere": true
    },
    {
        "Planet Name": "P-7652",
        "Element": "dysprosium (66)",
        "Mass": 9695262036127102012729901,
        "Habitable": true,
        "Atmosphere": true
    },
    {
        "Planet Name": "Z-1619",
        "Element": "zirconium (40)",
        "Mass": 4667478658955109890881136,
        "Habitable": false,
        "Atmosphere": true
    },
    {
        "Planet Name": "J-3830",
        "Element": "erbium (68)",
        "Mass": 4216169680397441158998924,
        "Habitable": true,
        "Atmosphere": false
    },
    {
        "Planet Name": "F-8818",
        "Element": "chlorine (17)",
        "Mass": 2718338278852624223369761,
        "Habitable": true,
        "Atmosphere": false
    }
]